"exposure","outcome","beta","se","t_value","p_value","n","df","weight","p_fdr","sig_fdr05","sig_fdr01"
"log_URXUP8","LBXSBU",1.21056984766288,0.124143298853187,9.75139100415329,2.52503169652425e-05,1579,7,"WTSA2YR",0.00400729443689656,TRUE,TRUE
"log_LBXBGM","LBXSAPSI",-2.84151058542693,0.321207114229659,-8.84635009483408,4.77058861535305e-05,4834,7,"WTMEC2YR",0.00400729443689656,TRUE,TRUE
"log_URXUDMA","LBXSUA",0.201549960921666,0.0273378851883278,7.37255129770317,0.000152957064386246,1593,7,"WTSA2YR",0.00760621030043928,TRUE,TRUE
"log_SSGLYP","LBXSBU",1.21963698568042,0.170312348891331,7.16117764577728,0.000183559315122655,1371,7,"WTSSBJ2Y",0.00760621030043928,TRUE,TRUE
"log_LBXBGM","BMXWAIST",-1.78258170566132,0.281788420364878,-6.32595797709899,0.000226375306560693,4693,8,"WTMEC2YR",0.00760621030043928,TRUE,TRUE
"log_SSGLYP","LBXSCLSI",0.455408806803899,0.0687651812192174,6.62266569693309,0.000297969646036548,1374,7,"WTSSBJ2Y",0.00834315008902333,TRUE,TRUE
"log_URXUIO","BMXBMI",1.17730887940372,0.205467642152921,5.72989920489522,0.000439008741416173,1600,8,"WTSA2YR",0.0105362097939882,TRUE,FALSE
"log_URXUIO","BMXWAIST",3.1596708464355,0.588651304279862,5.36764434812719,0.000671494073134768,1550,8,"WTSA2YR",0.0141013755358301,TRUE,FALSE
"log_URXUIO","LBXSBU",0.911878304080029,0.167020509416689,5.45967861830093,0.000946193033838276,1590,7,"WTSA2YR",0.0176622699649811,TRUE,FALSE
"log_LBXBGM","BMXBMI",-0.566869059213293,0.123315713280121,-4.59689235163086,0.00176260027612233,4876,8,"WTMEC2YR",0.0269607336229104,TRUE,FALSE
"log_URXUDMA","LBXSBU",0.876994586127705,0.181653475070071,4.82784370510618,0.00190418607662362,1593,7,"WTSA2YR",0.0269607336229104,TRUE,FALSE
"log_URXUIO","LBXSCLSI",0.49331937792229,0.10258022393873,4.80910802277975,0.00194573002969902,1590,7,"WTSA2YR",0.0269607336229104,TRUE,FALSE
"log_LBXBGM","LBXHGB",0.0835938637491061,0.0176028909116089,4.74887131715262,0.00208624724462997,4873,7,"WTMEC2YR",0.0269607336229104,TRUE,FALSE
"log_SSGLYP","LBXSNASI",0.404397879589132,0.0954473817572706,4.2368671842413,0.00385521952589061,1374,7,"WTSSBJ2Y",0.0462626343106874,TRUE,FALSE
"log_LBXBGM","LBXSBU",0.385588350969818,0.0947439775142779,4.06979273074861,0.00475046883688853,4833,7,"WTMEC2YR",0.0532052509731516,FALSE,FALSE
"log_URXUIO","LBXSPH",0.0641905920039068,0.0161105737597576,3.98437653190527,0.00529425805957872,1590,7,"WTSA2YR",0.0555897096255766,FALSE,FALSE
"log_LBXVBZ","LBXWBCSI",0.503318262735876,0.128857634093712,3.90600266934774,0.00585346482652633,2327,7,"WTMEC2YR",0.0578460053444955,FALSE,FALSE
"log_LBXVBZ","PHQ9_total",0.727308860187401,0.216187555541507,3.36424942853734,0.0120143345873918,2166,7,"WTMEC2YR",0.110314036098868,FALSE,FALSE
"log_SSGLYP","LBXGH",0.0764088173292824,0.0230162150018228,3.31978204597198,0.0127688449089675,1388,7,"WTSSBJ2Y",0.110314036098868,FALSE,FALSE
"log_LBXVBZ","LBXSTR",15.8904454446087,4.81624900874677,3.29934050663703,0.0131326233451033,2319,7,"WTMEC2YR",0.110314036098868,FALSE,FALSE
"log_URXUDMA","LBXSAPSI",-2.83972379918243,0.887344057998332,-3.20025110168458,0.0150605573087434,1592,7,"WTSA2YR",0.120484458469948,FALSE,FALSE
"log_URXUDMA","LBXSCLSI",0.347012122150882,0.109948614390665,3.15613001649927,0.0160145057366179,1593,7,"WTSA2YR",0.120620425650142,FALSE,FALSE
"log_URXUIO","LBXSTP",-0.034028004246476,0.0108571539786774,-3.13415507538205,0.0165135106544837,1590,7,"WTSA2YR",0.120620425650142,FALSE,FALSE
"log_LBXBGM","LBDHDD",1.14024733520904,0.370628556898441,3.07652314962198,0.0179026145830888,4856,7,"WTMEC2YR",0.121829624468077,FALSE,FALSE
"log_URXUP8","LBXSCLSI",0.346638375608386,0.113001056311293,3.06756756904532,0.0181294084029877,1579,7,"WTSA2YR",0.121829624468077,FALSE,FALSE
"log_SSGLYP","LBXSTP",-0.0533111401072379,0.0180402430488644,-2.95512316340959,0.0212516815736703,1371,7,"WTSSBJ2Y",0.137318557860639,FALSE,FALSE
"log_URXUIO","LBXSNASI",0.354324419365752,0.124446225882663,2.84720904031139,0.0247873055283564,1590,7,"WTSA2YR",0.154232123287551,FALSE,FALSE
"log_LBXBGM","eGFR",0.843637086377372,0.31394181651663,2.68724025278959,0.0312102181737612,4835,7,"WTMEC2YR",0.187261309042567,FALSE,FALSE
"log_URXUDMA","LBXSNASI",0.308045044784894,0.116703777938432,2.63954646735949,0.0334455066920468,1593,7,"WTSA2YR",0.193002736136535,FALSE,FALSE
"log_LBXBGM","LBXSTB",0.0130036486868572,0.00496532814795273,2.61889009132634,0.0344647743100956,4835,7,"WTMEC2YR",0.193002736136535,FALSE,FALSE
"log_LBXBGM","PHQ9_total",-0.208429163637558,0.0804550684237812,-2.59062813221037,0.0359119134887582,4533,7,"WTMEC2YR",0.194619402132625,FALSE,FALSE
"log_LBXVBZ","LBXSBU",-0.474478674897062,0.191640635622276,-2.47587717164673,0.0424657763106676,2319,7,"WTMEC2YR",0.222945325631005,FALSE,FALSE
"log_LBXBGM","LBXSCH",2.80708210497578,1.16167911919052,2.41640058653357,0.0463364065492124,4835,7,"WTMEC2YR",0.225491656439758,FALSE,FALSE
"log_LBXBGM","LBXSGB",-0.0129997977707579,0.00541263443672181,-2.40175055654254,0.0473442331484131,4833,7,"WTMEC2YR",0.225491656439758,FALSE,FALSE
"log_LBXBGM","LBXRBCSI",0.0169085300703423,0.0070626877271549,2.39406451531641,0.0478819367444537,4873,7,"WTMEC2YR",0.225491656439758,FALSE,FALSE
"log_SSGLYP","LBXSPH",0.0431972217469799,0.0180919380228503,2.38765032758908,0.0483354471471026,1371,7,"WTSSBJ2Y",0.225491656439758,FALSE,FALSE
"log_LBXVBZ","LBXSTB",-0.021916124233393,0.00935400833086362,-2.34296608022901,0.0516191037210602,2319,7,"WTMEC2YR",0.225491656439758,FALSE,FALSE
"log_URXUIO","LBXSTB",-0.0252805224349614,0.0108211516738154,-2.33621366717687,0.0521347543274844,1590,7,"WTSA2YR",0.225491656439758,FALSE,FALSE
"log_URXUP8","BMXBMI",0.689935125295101,0.303051600140695,2.27662591114778,0.052346277387801,1589,8,"WTSA2YR",0.225491656439758,FALSE,FALSE
"log_LBXBGM","LBXTC",2.70085827660139,1.18700517194088,2.27535510412748,0.057025443664496,4856,7,"WTMEC2YR",0.239506863390883,FALSE,FALSE
"log_SSGLYP","LBXSAPSI",2.19933990066076,0.985440722171782,2.23183378885916,0.0608061152617173,1373,7,"WTSSBJ2Y",0.249156764974841,FALSE,FALSE
"log_LBXVBZ","LBXHGB",0.13663178419301,0.0622852681581759,2.19364527493128,0.0643316572635098,2327,7,"WTMEC2YR",0.252024190539327,FALSE,FALSE
"log_URXUP8","BMXWAIST",1.64958137193345,0.769866830910024,2.14268404054186,0.0645061916261373,1544,8,"WTSA2YR",0.252024190539327,FALSE,FALSE
"log_SSGLYP","LBXSTB",-0.0233940205220805,0.0107588519767609,-2.17439747034456,0.0661859144692223,1373,7,"WTSSBJ2Y",0.252709855246121,FALSE,FALSE
"log_URXUP8","LBXGLU",3.06952226605853,1.4679085583606,2.09108547571019,0.0748499675342906,777,7,"WTSA2YR",0.279439878794685,FALSE,FALSE
"log_SSGLYP","LBXTC",-3.39828832886349,1.73706986962105,-1.9563337021123,0.0913115980514516,1384,7,"WTSSBJ2Y",0.325377775978336,FALSE,FALSE
"log_URXUIO","LBXHGB",-0.0933110402198334,0.0480835406970574,-1.94060251943018,0.093452055050737,1600,7,"WTSA2YR",0.325377775978336,FALSE,FALSE
"log_URXUIO","LBDHDD",-0.93939372807677,0.486609105904232,-1.9304894147658,0.0948539618859841,1594,7,"WTSA2YR",0.325377775978336,FALSE,FALSE
"log_LBXVBZ","LBXPLTSI",5.09112879380464,2.65454183557178,1.91789359865486,0.0966288124064911,2327,7,"WTMEC2YR",0.325377775978336,FALSE,FALSE
"log_URXUP8","LBXSKSI",0.0207557177399777,0.0109129612509364,1.90193268927779,0.0989244584140105,1578,7,"WTSA2YR",0.325377775978336,FALSE,FALSE
"log_URXUDMA","LBXSTB",0.0283781575227595,0.0151628876007421,1.87155364268285,0.103441505778529,1593,7,"WTSA2YR",0.325377775978336,FALSE,FALSE
"log_LBXVBZ","LBXGLU",-3.90544939895313,2.09009919802697,-1.86854738887026,0.103899250842817,1151,7,"WTMEC2YR",0.325377775978336,FALSE,FALSE
"log_URXUP8","LBXSPH",0.0361035449309971,0.0193382287648437,1.86695200320684,0.104142968678029,1579,7,"WTSA2YR",0.325377775978336,FALSE,FALSE
"log_URXUP8","LBXPLTSI",-3.78660309543066,2.03137074954353,-1.86406302063843,0.104585713707322,1589,7,"WTSA2YR",0.325377775978336,FALSE,FALSE
"log_SSGLYP","LBXSCH",-3.0998730387412,1.6897063552293,-1.83456316486455,0.109212257720549,1373,7,"WTSSBJ2Y",0.33359380540095,FALSE,FALSE
"log_LBXVBZ","LBXTC",3.75845579761625,2.07214339112192,1.81380102058541,0.112586330583257,2325,7,"WTMEC2YR",0.337758991749771,FALSE,FALSE
"log_SSGLYP","BMXBMI",0.343212765754751,0.197985165520033,1.73352768553774,0.121230691887601,1389,8,"WTSSBJ2Y",0.355802027715325,FALSE,FALSE
"log_SSGLYP","LBXSKSI",0.0251042856449485,0.0143423753505309,1.75035759638095,0.123528561924941,1373,7,"WTSSBJ2Y",0.355802027715325,FALSE,FALSE
"log_URXUIO","PHQ9_total",0.416594575151763,0.241683584727861,1.72371895104442,0.128419621451765,1494,7,"WTSA2YR",0.355802027715325,FALSE,FALSE
"log_URXUIO","LBXSC3SI",-0.146796053803459,0.0852531303552296,-1.72188461809901,0.128763109295931,1590,7,"WTSA2YR",0.355802027715325,FALSE,FALSE
"log_URXUIO","LBXSTR",8.5519738788659,4.97320191264954,1.71961123418569,0.129190021968064,1590,7,"WTSA2YR",0.355802027715325,FALSE,FALSE
"log_URXUDMA","LBXSATSI",1.24375948841363,0.72823553810483,1.70790825678518,0.13140902126158,1592,7,"WTSA2YR",0.356076057612022,FALSE,FALSE
"log_URXUP8","LBXSNASI",0.155302582508937,0.09281096863844,1.67332142727595,0.138179675536958,1579,7,"WTSA2YR",0.36847913476522,FALSE,FALSE
"log_LBXBGM","LBXWBCSI",-0.121225958256729,0.0732200914214938,-1.65563789805844,0.141767117293841,4873,7,"WTMEC2YR",0.372138682896332,FALSE,FALSE
"log_LBXBGM","LBXSTP",0.0114295561390219,0.00695814436468758,1.64261555092571,0.144464670962432,4833,7,"WTMEC2YR",0.373385611102902,FALSE,FALSE
"log_LBXVBZ","eGFR",0.772744659631745,0.482833529491461,1.60043702939527,0.153535008166355,2319,7,"WTMEC2YR",0.390816384423449,FALSE,FALSE
"log_LBXVBZ","LBXSCH",3.35220989243422,2.10999878426414,1.58872598289354,0.156145901409404,2319,7,"WTMEC2YR",0.391530021444475,FALSE,FALSE
"log_LBXBGM","LBXGH",-0.015372790707084,0.00988187710596031,-1.55565491679833,0.163742539149632,4875,7,"WTMEC2YR",0.395026741902697,FALSE,FALSE
"log_LBXBGM","LBXPLTSI",-1.99609995105959,1.28599377106982,-1.55218477411367,0.16455912345873,4873,7,"WTMEC2YR",0.395026741902697,FALSE,FALSE
"log_URXUDMA","LBXSGB",0.0273895286074233,0.0177591716542761,1.54227512074464,0.166911714962648,1593,7,"WTSA2YR",0.395026741902697,FALSE,FALSE
"log_URXUDMA","LBXGLU",2.24937206962729,1.45861152346607,1.54213238647817,0.166945825446973,782,7,"WTSA2YR",0.395026741902697,FALSE,FALSE
"log_URXUIO","LBXHSCRP",-0.21167592409229,0.138795560963683,-1.52509145553781,0.171064540803595,1588,7,"WTSA2YR",0.399150595208387,FALSE,FALSE
"log_SSGLYP","LBXSUA",-0.0853586348915655,0.0564719799139432,-1.51152190912453,0.174410569446894,1371,7,"WTSSBJ2Y",0.401383228316139,FALSE,FALSE
"log_LBXVBZ","LBXSAPSI",0.843714394648756,0.572610155395284,1.47345342498567,0.184118599131918,2318,7,"WTMEC2YR",0.417998981813004,FALSE,FALSE
"log_LBXBGM","LBXSPH",0.0132211782184552,0.009150374808714,1.44487832409493,0.191724558963564,4833,7,"WTMEC2YR",0.425158519474946,FALSE,FALSE
"log_SSGLYP","LBXPLTSI",-4.21602609078232,2.92244909907664,-1.4426345670535,0.192333615952952,1387,7,"WTSSBJ2Y",0.425158519474946,FALSE,FALSE
"log_LBXVBZ","LBXSC3SI",-0.179096206407655,0.125554435913456,-1.42644268284639,0.19678060099689,2319,7,"WTMEC2YR",0.427982590116955,FALSE,FALSE
"log_SSGLYP","LBXGLU",2.4808906730364,1.74768092465465,1.41953295824101,0.198706202554301,676,7,"WTSSBJ2Y",0.427982590116955,FALSE,FALSE
"log_URXUP8","LBXSATSI",1.09816528840851,0.778688521817774,1.41027542802987,0.201312493724377,1578,7,"WTSA2YR",0.42810758159108,FALSE,FALSE
"log_URXUP8","LBXSTR",11.858749629538,8.50537669124669,1.39426507020464,0.205891952680805,1579,7,"WTSA2YR",0.428300257438048,FALSE,FALSE
"log_LBXBGM","LBXSATSI",0.411485435989164,0.29952902508605,1.37377483157417,0.211887696696072,4834,7,"WTMEC2YR",0.428300257438048,FALSE,FALSE
"log_LBXBGM","LBXSUA",0.0340982547704199,0.0248468475517116,1.37233726328679,0.212314096229931,4833,7,"WTMEC2YR",0.428300257438048,FALSE,FALSE
"log_LBXBGM","LBXHSCRP",-0.244680470184818,0.178338512647183,-1.37200017288965,0.212414190887635,4829,7,"WTMEC2YR",0.428300257438048,FALSE,FALSE
"log_LBXBGM","LBXSTR",-1.87808187898751,1.37469956812126,-1.3661762340947,0.214150128719024,4833,7,"WTMEC2YR",0.428300257438048,FALSE,FALSE
"log_LBXVBZ","LBXSUA",-0.0713396197801974,0.0532128394398011,-1.34064674111034,0.221908047262822,2319,7,"WTMEC2YR",0.438594728707695,FALSE,FALSE
"log_URXUDMA","LBDHDD",-0.761235842804904,0.59277226274901,-1.28419612495807,0.239939864951565,1597,7,"WTSA2YR",0.463811140831756,FALSE,FALSE
"log_URXUP8","eGFR",-0.805429885809992,0.627552803020922,-1.28344560319515,0.240187912216445,1579,7,"WTSA2YR",0.463811140831756,FALSE,FALSE
"log_LBXBGM","LBXSNASI",-0.12881321487617,0.101184823757957,-1.27304876454895,0.243646867233122,4836,7,"WTMEC2YR",0.465144019263233,FALSE,FALSE
"log_URXUP8","LBXRBCSI",0.01648109533241,0.0132801821705412,1.24102931125217,0.254569385206806,1589,7,"WTSA2YR",0.480535468704983,FALSE,FALSE
"log_SSGLYP","LBXWBCSI",-0.119004224099769,0.0967635893619948,-1.22984507793083,0.258481734930425,1387,7,"WTSSBJ2Y",0.480963016913663,FALSE,FALSE
"log_LBXBGM","LBXSCLSI",-0.099024000347292,0.0808973006238848,-1.2240705138937,0.260521634161567,4836,7,"WTMEC2YR",0.480963016913663,FALSE,FALSE
"log_URXUP8","LBXSUA",0.0518319709003875,0.0458583135103532,1.13026334665983,0.295600572918933,1579,7,"WTSA2YR",0.538024007240812,FALSE,FALSE
"log_URXUP8","LBXHSCRP",-0.228241029301822,0.203974509093979,-1.11896839617671,0.300076031999945,1577,7,"WTSA2YR",0.538024007240812,FALSE,FALSE
"log_URXUIO","LBXWBCSI",0.117760043560422,0.105466780649311,1.11656052109894,0.301037242146645,1600,7,"WTSA2YR",0.538024007240812,FALSE,FALSE
"log_URXUDMA","LBXRBCSI",0.0225145562002864,0.020453848183413,1.10074915968842,0.307411535326513,1603,7,"WTSA2YR",0.542983608387052,FALSE,FALSE
"log_URXUP8","LBXSGB",-0.0166761130846691,0.0153571497519579,-1.08588594589585,0.313502963935147,1579,7,"WTSA2YR",0.542983608387052,FALSE,FALSE
"log_URXUP8","LBXSC3SI",-0.107697862771479,0.0991809191914878,-1.08587280345272,0.313508392937762,1579,7,"WTSA2YR",0.542983608387052,FALSE,FALSE
"log_URXUIO","LBXGLU",2.12800707405953,1.99659570875689,1.065817713985,0.321881461337092,781,7,"WTSA2YR",0.551796790863586,FALSE,FALSE
"log_URXUDMA","LBXHSCRP",-0.13616423768918,0.130900847147197,-1.0402089876169,0.332831892397913,1591,7,"WTSA2YR",0.564805635584337,FALSE,FALSE
"log_URXUDMA","LBXSASSI",-0.637592877800981,0.619566200965633,-1.02909564273721,0.337674907506478,1587,7,"WTSA2YR",0.567293844610883,FALSE,FALSE
"log_URXUIO","LBXSCH",-1.69172061580929,1.65945861351273,-1.01944128165285,0.341926997130275,1590,7,"WTSA2YR",0.568749856612734,FALSE,FALSE
"log_SSGLYP","PHQ9_total",0.139991881217709,0.139799801056165,1.00137396591477,0.349996949499875,1307,7,"WTSSBJ2Y",0.5740935005482,FALSE,FALSE
"log_URXUDMA","LBXSTP",0.0144119782156987,0.0144553842019615,0.996997244372316,0.351973991407527,1593,7,"WTSA2YR",0.5740935005482,FALSE,FALSE
"log_LBXVBZ","LBXRBCSI",-0.0173918966404767,0.0179524853970157,-0.96877375226094,0.364931214149138,2327,7,"WTMEC2YR",0.584803041920256,FALSE,FALSE
"log_URXUP8","LBXSTP",-0.0120504719016382,0.0124546437128235,-0.967548504758176,0.36550190120016,1579,7,"WTSA2YR",0.584803041920256,FALSE,FALSE
"log_SSGLYP","LBXSGB",-0.0156808133865712,0.0182794271567013,-0.857839430751666,0.419380340080174,1371,7,"WTSSBJ2Y",0.65641247133448,FALSE,FALSE
"log_URXUIO","LBXTC",-1.44830860369784,1.68957856457152,-0.857201099769594,0.419709950785931,1594,7,"WTSA2YR",0.65641247133448,FALSE,FALSE
"log_URXUP8","LBXTC",1.4791365808508,1.734415246316,0.852815716416567,0.42197944585788,1583,7,"WTSA2YR",0.65641247133448,FALSE,FALSE
"log_LBXVBZ","LBDHDD",-0.526710311022084,0.635020850292072,-0.829437822049196,0.434226311543312,2325,7,"WTMEC2YR",0.669266241644738,FALSE,FALSE
"log_URXUIO","LBXSATSI",0.385250852076036,0.472239687002477,0.815795162243564,0.441488609711118,1589,7,"WTSA2YR",0.674273513013344,FALSE,FALSE
"log_LBXBGM","LBXGLU",0.51217499671025,0.662167508614378,0.773482525263138,0.464551249457888,2362,7,"WTMEC2YR",0.696119356300117,FALSE,FALSE
"log_SSGLYP","LBXHGB",-0.0428214875149486,0.0558312005952512,-0.766981312570785,0.468166638148466,1387,7,"WTSSBJ2Y",0.696119356300117,FALSE,FALSE
"log_SSGLYP","eGFR",-0.565719833790445,0.739895611100313,-0.764594120174807,0.469498964537831,1373,7,"WTSSBJ2Y",0.696119356300117,FALSE,FALSE
"log_SSGLYP","LBXSASSI",-0.316233502414371,0.416386334874462,-0.759471375326747,0.472366706060794,1369,7,"WTSSBJ2Y",0.696119356300117,FALSE,FALSE
"log_URXUDMA","LBXSTR",3.55383907179421,4.84670243199193,0.733248868000677,0.487230648763556,1593,7,"WTSA2YR",0.711780426019803,FALSE,FALSE
"log_LBXVBZ","LBXHSCRP",-0.477019545637422,0.674153164831076,-0.707583336432084,0.502075620832062,2320,7,"WTMEC2YR",0.715814808784235,FALSE,FALSE
"log_LBXVBZ","LBXSASSI",0.31632861821019,0.448711130248534,0.704971632941178,0.503602566288425,2313,7,"WTMEC2YR",0.715814808784235,FALSE,FALSE
"log_URXUIO","LBXSGB",-0.00796959854859924,0.0113558999259512,-0.701802463967353,0.505459469184569,1590,7,"WTSA2YR",0.715814808784235,FALSE,FALSE
"log_URXUIO","LBXRBCSI",-0.0107200657589824,0.0153675267381606,-0.697579118724573,0.507940903699511,1600,7,"WTSA2YR",0.715814808784235,FALSE,FALSE
"log_LBXBGM","LBXSKSI",-0.00640725464566179,0.00927819514685991,-0.690571231176382,0.512075656014315,4833,7,"WTMEC2YR",0.715814808784235,FALSE,FALSE
"log_URXUDMA","LBXGH",-0.0223902290745714,0.032700851691915,-0.684698652057042,0.515557094421979,1603,7,"WTSA2YR",0.715814808784235,FALSE,FALSE
"log_URXUP8","LBDHDD",-0.466857336275916,0.700645474302618,-0.666324629785982,0.526546589047661,1583,7,"WTSA2YR",0.725080548852516,FALSE,FALSE
"log_URXUDMA","PHQ9_total",-0.142470183921078,0.218564648840518,-0.651844590041802,0.535309720946859,1497,7,"WTSA2YR",0.725359279290336,FALSE,FALSE
"log_URXUP8","LBXSCH",1.19632730384694,1.83564021057659,0.651722105973678,0.535384229952391,1579,7,"WTSA2YR",0.725359279290336,FALSE,FALSE
"log_URXUIO","LBXSUA",0.0359959122375259,0.0564500778803314,0.637659213045439,0.543981388378544,1590,7,"WTSA2YR",0.731110985980764,FALSE,FALSE
"log_LBXVBZ","LBXSKSI",0.0142643683620486,0.0227085723815771,0.628149058530024,0.549842768299767,2319,7,"WTMEC2YR",0.733123691066355,FALSE,FALSE
"log_URXUP8","PHQ9_total",0.148957112075912,0.252065679238276,0.590945631813303,0.573134829375136,1487,7,"WTSA2YR",0.758162608937188,FALSE,FALSE
"log_URXUDMA","eGFR",-0.264580329229678,0.482105364234963,-0.54880187788313,0.600200216782057,1593,7,"WTSA2YR",0.786405555662395,FALSE,FALSE
"log_LBXVBZ","LBXSTP",0.00757354397513552,0.0139859343067252,0.541511479250533,0.604953567872447,2319,7,"WTMEC2YR",0.786405555662395,FALSE,FALSE
"log_URXUDMA","LBXSCH",-1.02904753484611,1.93384254810762,-0.532125811304078,0.61110338748336,1593,7,"WTSA2YR",0.786405555662395,FALSE,FALSE
"log_URXUDMA","BMXBMI",0.204536962937928,0.388915418769899,0.525916312561889,0.613209093998654,1603,8,"WTSA2YR",0.786405555662395,FALSE,FALSE
"log_LBXVBZ","LBXSNASI",0.0656029722068229,0.126347811559567,0.519225235459611,0.619611428988925,2320,7,"WTMEC2YR",0.788596364167722,FALSE,FALSE
"log_SSGLYP","BMXWAIST",0.24010203948762,0.481932700863744,0.49820657336034,0.631744337389448,1342,8,"WTSSBJ2Y",0.793633435245946,FALSE,FALSE
"log_SSGLYP","LBXRBCSI",-0.00954275070637109,0.0191203537475747,-0.499088606432374,0.633017144779505,1387,7,"WTSSBJ2Y",0.793633435245946,FALSE,FALSE
"log_SSGLYP","LBXHSCRP",-0.116165738643408,0.239142201031345,-0.48576009647156,0.641972912974007,1371,7,"WTSSBJ2Y",0.79889962503432,FALSE,FALSE
"log_URXUDMA","LBXWBCSI",-0.042528196921149,0.0982250303679572,-0.432967002014005,0.678066098779108,1603,7,"WTSA2YR",0.837611063197721,FALSE,FALSE
"log_LBXVBZ","BMXBMI",-0.11435010242387,0.30138988301935,-0.379409226608075,0.714256933103406,2329,8,"WTMEC2YR",0.875877115046513,FALSE,FALSE
"log_SSGLYP","LBDHDD",-0.17766603682089,0.482971086255991,-0.367860606725266,0.723848433773656,1384,7,"WTSSBJ2Y",0.881011646788803,FALSE,FALSE
"log_URXUDMA","LBXSPH",-0.0083452867142381,0.0231336105590194,-0.360742941226026,0.728932255378831,1593,7,"WTSA2YR",0.881011646788803,FALSE,FALSE
"log_URXUDMA","LBXTC",-0.642058684759499,1.89697833341357,-0.338463899903447,0.744938860172351,1597,7,"WTSA2YR",0.889004554813415,FALSE,FALSE
"log_URXUP8","LBXSASSI",-0.180909460522557,0.537117706279909,-0.336815298411107,0.746128822789831,1573,7,"WTSA2YR",0.889004554813415,FALSE,FALSE
"log_URXUDMA","LBXPLTSI",0.892981856317299,2.72638373414075,0.327533444810083,0.752842261780983,1603,7,"WTSA2YR",0.890686619571867,FALSE,FALSE
"log_URXUP8","LBXSAPSI",-0.172692472518948,0.540164700446743,-0.319703365244198,0.758523569524161,1578,7,"WTSA2YR",0.891132585175239,FALSE,FALSE
"log_LBXVBZ","LBXSCLSI",-0.0392852769032453,0.131730390162837,-0.298224858020107,0.774189177475554,2320,7,"WTMEC2YR",0.894167814862307,FALSE,FALSE
"log_LBXVBZ","LBXSATSI",-0.257409687492696,0.874557954726066,-0.294331194521378,0.777041445324034,2318,7,"WTMEC2YR",0.894167814862307,FALSE,FALSE
"log_URXUDMA","LBXSKSI",-0.00514093513530971,0.0174691668701947,-0.294286222892575,0.777074410535101,1592,7,"WTSA2YR",0.894167814862307,FALSE,FALSE
"log_URXUIO","LBXSAPSI",0.168878405253466,0.636870838728217,0.265169002855749,0.798518358328992,1589,7,"WTSA2YR",0.903845013446536,FALSE,FALSE
"log_URXUDMA","BMXWAIST",0.26153103387102,1.00194842782594,0.261022450465339,0.800668900097406,1553,8,"WTSA2YR",0.903845013446536,FALSE,FALSE
"log_SSGLYP","LBXSTR",0.774920158646025,2.96934857820088,0.260973118594095,0.801624446449606,1371,7,"WTSSBJ2Y",0.903845013446536,FALSE,FALSE
"log_SSGLYP","LBXSATSI",0.130408491803632,0.561753256869931,0.232145501977617,0.823065832701261,1373,7,"WTSSBJ2Y",0.908528940682349,FALSE,FALSE
"log_LBXVBZ","LBXGH",-0.0080725149308688,0.0354885450233646,-0.22746818517226,0.826560618670994,2328,7,"WTMEC2YR",0.908528940682349,FALSE,FALSE
"log_URXUIO","eGFR",-0.13833967189866,0.621334274801067,-0.222649349165475,0.830165558022972,1590,7,"WTSA2YR",0.908528940682349,FALSE,FALSE
"log_LBXVBZ","LBXSGB",0.0016311734325156,0.00740384943062451,0.220314236236164,0.83191402578806,2319,7,"WTMEC2YR",0.908528940682349,FALSE,FALSE
"log_URXUDMA","LBXSC3SI",-0.020207689244009,0.0943073220255804,-0.214274870815733,0.836440846463386,1593,7,"WTSA2YR",0.908528940682349,FALSE,FALSE
"log_URXUP8","LBXHGB",-0.0085012242786788,0.0401198802524801,-0.211895554652192,0.838226105986691,1589,7,"WTSA2YR",0.908528940682349,FALSE,FALSE
"log_URXUP8","LBXWBCSI",-0.0201580379928179,0.126853373452245,-0.1589081744082,0.878228773572087,1589,7,"WTSA2YR",0.945784833077632,FALSE,FALSE
"log_URXUIO","LBXPLTSI",-0.351284935199243,2.4430990622082,-0.143786611289406,0.889720834977884,1600,7,"WTSA2YR",0.952057963543214,FALSE,FALSE
"log_URXUIO","LBXGH",-0.00397653194152273,0.0353292853501667,-0.112556251905729,0.913542181154005,1600,7,"WTSA2YR",0.969244261136344,FALSE,FALSE
"log_LBXVBZ","LBXSPH",0.00298360996507431,0.0277753938630272,0.107419177556502,0.917470410384359,2319,7,"WTMEC2YR",0.969244261136344,FALSE,FALSE
"log_URXUDMA","LBXHGB",0.00476929262690075,0.0476825597118644,0.100021740773159,0.92313141491846,1603,7,"WTSA2YR",0.969244261136344,FALSE,FALSE
"log_LBXVBZ","BMXWAIST",0.0565399560171979,0.677779197890059,0.0834194324541207,0.935567633065395,2242,8,"WTMEC2YR",0.969244261136344,FALSE,FALSE
"log_SSGLYP","LBXSC3SI",0.00753639103274727,0.0954816596751963,0.0789302475300923,0.93929708223195,1371,7,"WTSSBJ2Y",0.969244261136344,FALSE,FALSE
"log_URXUIO","LBXSKSI",0.00119776625962038,0.0171396364162059,0.0698828277645297,0.94624141852774,1589,7,"WTSA2YR",0.969244261136344,FALSE,FALSE
"log_LBXBGM","LBXSASSI",-0.0205791784994157,0.315624767708084,-0.0652014056084758,0.949836648520103,4821,7,"WTMEC2YR",0.969244261136344,FALSE,FALSE
"log_URXUIO","LBXSASSI",-0.0206635531318324,0.330785510640381,-0.0624681325727629,0.951936327901767,1584,7,"WTSA2YR",0.969244261136344,FALSE,FALSE
"log_URXUP8","LBXGH",0.000817489073434373,0.0278437205283585,0.0293599080123567,0.977397083961492,1589,7,"WTSA2YR",0.988712263433715,FALSE,FALSE
"log_URXUP8","LBXSTB",0.000278251588765828,0.01247478920779,0.0223051134677347,0.982827071389467,1579,7,"WTSA2YR",0.988712263433715,FALSE,FALSE
"log_LBXBGM","LBXSC3SI",-0.000757287006869715,0.0598933098016684,-0.0126439331768007,0.990264684095454,4833,7,"WTMEC2YR",0.990264684095454,FALSE,FALSE
